insert into student (id, name, birthday, groupnumber) values (0, 'John', '2003-03-01', 1);
insert into student (id, name, birthday, groupnumber) values (1, 'Chris', '2002-12-05', 1);
insert into student (id, name, birthday, groupnumber) values (2, 'Carl', '2002-08-11', 1);
insert into student (id, name, birthday, groupnumber) values (3, 'Oliver', '2002-02-26', 2);
insert into student (id, name, birthday, groupnumber) values (4, 'James', '2001-11-19', 2);
insert into student (id, name, birthday, groupnumber) values (5, 'Lucas', '2002-06-14', 2);
insert into student (id, name, birthday, groupnumber) values (6, 'Henry', '2001-12-10', 2);
insert into student (id, name, birthday, groupnumber) values (7, 'Jacob', '2002-05-05', 3);
insert into student (id, name, birthday, groupnumber) values (8, 'Logan', '2001-01-27', 3);
insert into student (id, name, birthday, groupnumber) values (9, 'Clarence', '2000-10-31', 4);
insert into student (id, name, birthday, groupnumber) values (10, 'Abdullah', '2001-04-23', 4);
insert into student (id, name, birthday, groupnumber) values (11, 'Samuel', '2000-12-09', 4);
insert into student (id, name, birthday, groupnumber) values (12, 'Jack', '2000-01-12', 5);
insert into student (id, name, birthday, groupnumber) values (13, 'Frederick', '1999-07-03', 5);
insert into student (id, name, birthday, groupnumber) values (14, 'Matthew', '2000-03-17', 5);
insert into subject (id, name, description, grade) values (0, 'Art', 'Art', 1);
insert into subject (id, name, description, grade) values (1, 'Music', 'Music', 1);
insert into subject (id, name, description, grade) values (2, 'Geography', 'Geography', 2);
insert into subject (id, name, description, grade) values (3, 'History', 'History', 2);
insert into subject (id, name, description, grade) values (4, 'PE', 'PE', 3);
insert into subject (id, name, description, grade) values (5, 'Math', 'Math', 3);
insert into subject (id, name, description, grade) values (6, 'Science', 'Science', 4);
insert into subject (id, name, description, grade) values (7, 'IT', 'IT', 4);
insert into subject (id, name, description, grade) values (8, 'Physics', 'Physics', 5);
insert into subject (id, name, description, grade) values (9, 'Chemistry', 'Chemistry', 5);
insert into paymenttype (id, name) values (0, 'DAILY');
insert into paymenttype (id, name) values (1, 'WEEKLY');
insert into paymenttype (id, name) values (2, 'MONTHLY');
insert into payment (id, type_id, amount, student_id, payment_date) values (4, 0, 3, 4, '2011-02-06');
insert into payment (id, type_id, amount, student_id, payment_date) values (6, 1, 15, 6, '2011-02-27');
insert into payment (id, type_id, amount, student_id, payment_date) values (3, 2, 8, 3, '2010-07-29');
insert into payment (id, type_id, amount, student_id, payment_date) values (0, 1, 4, 0, '2011-02-01');
insert into payment (id, type_id, amount, student_id, payment_date) values (1, 0, 15, 1, '2011-09-06');
insert into payment (id, type_id, amount, student_id, payment_date) values (2, 2, 10, 2, '2010-06-04');
insert into payment (id, type_id, amount, student_id, payment_date) values (5, 2, 8, 5, '2010-01-18');
insert into payment (id, type_id, amount, student_id, payment_date) values (7, 1, 12, 7, '2011-06-22');
insert into payment (id, type_id, amount, student_id, payment_date) values (8, 0, 17, 8, '2010-12-09');
insert into payment (id, type_id, amount, student_id, payment_date) values (9, 1, 8, 9, '2010-07-12');
insert into payment (id, type_id, amount, student_id, payment_date) values (10, 2, 14, 10, '2011-09-30');
insert into payment (id, type_id, amount, student_id, payment_date) values (11, 2, 20, 11, '2010-06-04');
insert into payment (id, type_id, amount, student_id, payment_date) values (12, 0, 5, 12, '2011-12-30');
insert into payment (id, type_id, amount, student_id, payment_date) values (13, 2, 20, 13, '2011-07-06');
insert into payment (id, type_id, amount, student_id, payment_date) values (14, 1, 10, 14, '2010-08-25');
insert into mark (id, student_id, subject_id, mark) values (84, 8, 4, 9);
insert into mark (id, student_id, subject_id, mark) values (75, 7, 5, 4);
insert into mark (id, student_id, subject_id, mark) values (42, 4, 2, 9);
insert into mark (id, student_id, subject_id, mark) values (10, 1, 0, 8);
insert into mark (id, student_id, subject_id, mark) values (0, 0, 0, 7);
insert into mark (id, student_id, subject_id, mark) values (1, 0, 1, 5);
insert into mark (id, student_id, subject_id, mark) values (2, 0, 2, 5);
insert into mark (id, student_id, subject_id, mark) values (3, 0, 3, 7);
insert into mark (id, student_id, subject_id, mark) values (4, 0, 4, 6);
insert into mark (id, student_id, subject_id, mark) values (5, 0, 5, 8);
insert into mark (id, student_id, subject_id, mark) values (6, 0, 6, 9);
insert into mark (id, student_id, subject_id, mark) values (7, 0, 7, 5);
insert into mark (id, student_id, subject_id, mark) values (8, 0, 8, 7);
insert into mark (id, student_id, subject_id, mark) values (9, 0, 9, 8);
insert into mark (id, student_id, subject_id, mark) values (11, 1, 1, 8);
insert into mark (id, student_id, subject_id, mark) values (12, 1, 2, 3);
insert into mark (id, student_id, subject_id, mark) values (13, 1, 3, 8);
insert into mark (id, student_id, subject_id, mark) values (14, 1, 4, 9);
insert into mark (id, student_id, subject_id, mark) values (15, 1, 5, 9);
insert into mark (id, student_id, subject_id, mark) values (16, 1, 6, 7);
insert into mark (id, student_id, subject_id, mark) values (17, 1, 7, 6);
insert into mark (id, student_id, subject_id, mark) values (18, 1, 8, 4);
insert into mark (id, student_id, subject_id, mark) values (19, 1, 9, 8);
insert into mark (id, student_id, subject_id, mark) values (20, 2, 0, 8);
insert into mark (id, student_id, subject_id, mark) values (21, 2, 1, 7);
insert into mark (id, student_id, subject_id, mark) values (22, 2, 2, 4);
insert into mark (id, student_id, subject_id, mark) values (23, 2, 3, 8);
insert into mark (id, student_id, subject_id, mark) values (24, 2, 4, 4);
insert into mark (id, student_id, subject_id, mark) values (25, 2, 5, 4);
insert into mark (id, student_id, subject_id, mark) values (26, 2, 6, 7);
insert into mark (id, student_id, subject_id, mark) values (27, 2, 7, 4);
insert into mark (id, student_id, subject_id, mark) values (28, 2, 8, 6);
insert into mark (id, student_id, subject_id, mark) values (29, 2, 9, 8);
insert into mark (id, student_id, subject_id, mark) values (30, 3, 0, 9);
insert into mark (id, student_id, subject_id, mark) values (31, 3, 1, 7);
insert into mark (id, student_id, subject_id, mark) values (32, 3, 2, 9);
insert into mark (id, student_id, subject_id, mark) values (33, 3, 3, 5);
insert into mark (id, student_id, subject_id, mark) values (34, 3, 4, 3);
insert into mark (id, student_id, subject_id, mark) values (35, 3, 5, 6);
insert into mark (id, student_id, subject_id, mark) values (36, 3, 6, 8);
insert into mark (id, student_id, subject_id, mark) values (37, 3, 7, 9);
insert into mark (id, student_id, subject_id, mark) values (38, 3, 8, 7);
insert into mark (id, student_id, subject_id, mark) values (39, 3, 9, 5);
insert into mark (id, student_id, subject_id, mark) values (40, 4, 0, 3);
insert into mark (id, student_id, subject_id, mark) values (41, 4, 1, 3);
insert into mark (id, student_id, subject_id, mark) values (43, 4, 3, 8);
insert into mark (id, student_id, subject_id, mark) values (44, 4, 4, 5);
insert into mark (id, student_id, subject_id, mark) values (45, 4, 5, 8);
insert into mark (id, student_id, subject_id, mark) values (46, 4, 6, 7);
insert into mark (id, student_id, subject_id, mark) values (47, 4, 7, 9);
insert into mark (id, student_id, subject_id, mark) values (48, 4, 8, 3);
insert into mark (id, student_id, subject_id, mark) values (49, 4, 9, 8);
insert into mark (id, student_id, subject_id, mark) values (50, 5, 0, 7);
insert into mark (id, student_id, subject_id, mark) values (51, 5, 1, 9);
insert into mark (id, student_id, subject_id, mark) values (52, 5, 2, 8);
insert into mark (id, student_id, subject_id, mark) values (53, 5, 3, 9);
insert into mark (id, student_id, subject_id, mark) values (54, 5, 4, 5);
insert into mark (id, student_id, subject_id, mark) values (55, 5, 5, 6);
insert into mark (id, student_id, subject_id, mark) values (56, 5, 6, 5);
insert into mark (id, student_id, subject_id, mark) values (57, 5, 7, 7);
insert into mark (id, student_id, subject_id, mark) values (58, 5, 8, 6);
insert into mark (id, student_id, subject_id, mark) values (59, 5, 9, 9);
insert into mark (id, student_id, subject_id, mark) values (60, 6, 0, 4);
insert into mark (id, student_id, subject_id, mark) values (61, 6, 1, 6);
insert into mark (id, student_id, subject_id, mark) values (62, 6, 2, 7);
insert into mark (id, student_id, subject_id, mark) values (63, 6, 3, 7);
insert into mark (id, student_id, subject_id, mark) values (64, 6, 4, 5);
insert into mark (id, student_id, subject_id, mark) values (65, 6, 5, 3);
insert into mark (id, student_id, subject_id, mark) values (66, 6, 6, 7);
insert into mark (id, student_id, subject_id, mark) values (67, 6, 7, 5);
insert into mark (id, student_id, subject_id, mark) values (68, 6, 8, 6);
insert into mark (id, student_id, subject_id, mark) values (69, 6, 9, 6);
insert into mark (id, student_id, subject_id, mark) values (70, 7, 0, 9);
insert into mark (id, student_id, subject_id, mark) values (71, 7, 1, 6);
insert into mark (id, student_id, subject_id, mark) values (72, 7, 2, 3);
insert into mark (id, student_id, subject_id, mark) values (73, 7, 3, 3);
insert into mark (id, student_id, subject_id, mark) values (74, 7, 4, 5);
insert into mark (id, student_id, subject_id, mark) values (76, 7, 6, 7);
insert into mark (id, student_id, subject_id, mark) values (77, 7, 7, 6);
insert into mark (id, student_id, subject_id, mark) values (78, 7, 8, 8);
insert into mark (id, student_id, subject_id, mark) values (79, 7, 9, 3);
insert into mark (id, student_id, subject_id, mark) values (80, 8, 0, 6);
insert into mark (id, student_id, subject_id, mark) values (81, 8, 1, 8);
insert into mark (id, student_id, subject_id, mark) values (82, 8, 2, 4);
insert into mark (id, student_id, subject_id, mark) values (83, 8, 3, 6);
insert into mark (id, student_id, subject_id, mark) values (85, 8, 5, 9);
insert into mark (id, student_id, subject_id, mark) values (86, 8, 6, 4);
insert into mark (id, student_id, subject_id, mark) values (87, 8, 7, 9);
insert into mark (id, student_id, subject_id, mark) values (88, 8, 8, 3);
insert into mark (id, student_id, subject_id, mark) values (89, 8, 9, 7);
insert into mark (id, student_id, subject_id, mark) values (90, 9, 0, 4);
insert into mark (id, student_id, subject_id, mark) values (91, 9, 1, 4);
insert into mark (id, student_id, subject_id, mark) values (92, 9, 2, 9);
insert into mark (id, student_id, subject_id, mark) values (93, 9, 3, 8);
insert into mark (id, student_id, subject_id, mark) values (94, 9, 4, 4);
insert into mark (id, student_id, subject_id, mark) values (95, 9, 5, 6);
insert into mark (id, student_id, subject_id, mark) values (96, 9, 6, 8);
insert into mark (id, student_id, subject_id, mark) values (97, 9, 7, 3);
insert into mark (id, student_id, subject_id, mark) values (98, 9, 8, 4);
insert into mark (id, student_id, subject_id, mark) values (99, 9, 9, 7);
insert into mark (id, student_id, subject_id, mark) values (100, 10, 0, 8);
insert into mark (id, student_id, subject_id, mark) values (101, 10, 1, 5);
insert into mark (id, student_id, subject_id, mark) values (102, 10, 2, 4);
insert into mark (id, student_id, subject_id, mark) values (103, 10, 3, 5);
insert into mark (id, student_id, subject_id, mark) values (104, 10, 4, 8);
insert into mark (id, student_id, subject_id, mark) values (105, 10, 5, 7);
insert into mark (id, student_id, subject_id, mark) values (106, 10, 6, 7);
insert into mark (id, student_id, subject_id, mark) values (107, 10, 7, 3);
insert into mark (id, student_id, subject_id, mark) values (108, 10, 8, 4);
insert into mark (id, student_id, subject_id, mark) values (109, 10, 9, 4);
insert into mark (id, student_id, subject_id, mark) values (110, 11, 0, 9);
insert into mark (id, student_id, subject_id, mark) values (111, 11, 1, 8);
insert into mark (id, student_id, subject_id, mark) values (112, 11, 2, 3);
insert into mark (id, student_id, subject_id, mark) values (113, 11, 3, 4);
insert into mark (id, student_id, subject_id, mark) values (114, 11, 4, 7);
insert into mark (id, student_id, subject_id, mark) values (115, 11, 5, 6);
insert into mark (id, student_id, subject_id, mark) values (116, 11, 6, 7);
insert into mark (id, student_id, subject_id, mark) values (117, 11, 7, 6);
insert into mark (id, student_id, subject_id, mark) values (118, 11, 8, 6);
insert into mark (id, student_id, subject_id, mark) values (119, 11, 9, 5);
insert into mark (id, student_id, subject_id, mark) values (120, 12, 0, 3);
insert into mark (id, student_id, subject_id, mark) values (121, 12, 1, 7);
insert into mark (id, student_id, subject_id, mark) values (122, 12, 2, 8);
insert into mark (id, student_id, subject_id, mark) values (123, 12, 3, 8);
insert into mark (id, student_id, subject_id, mark) values (124, 12, 4, 4);
insert into mark (id, student_id, subject_id, mark) values (125, 12, 5, 7);
insert into mark (id, student_id, subject_id, mark) values (126, 12, 6, 5);
insert into mark (id, student_id, subject_id, mark) values (127, 12, 7, 3);
insert into mark (id, student_id, subject_id, mark) values (128, 12, 8, 8);
insert into mark (id, student_id, subject_id, mark) values (129, 12, 9, 3);
insert into mark (id, student_id, subject_id, mark) values (130, 13, 0, 7);
insert into mark (id, student_id, subject_id, mark) values (131, 13, 1, 9);
insert into mark (id, student_id, subject_id, mark) values (132, 13, 2, 8);
insert into mark (id, student_id, subject_id, mark) values (133, 13, 3, 8);
insert into mark (id, student_id, subject_id, mark) values (134, 13, 4, 7);
insert into mark (id, student_id, subject_id, mark) values (135, 13, 5, 9);
insert into mark (id, student_id, subject_id, mark) values (136, 13, 6, 6);
insert into mark (id, student_id, subject_id, mark) values (137, 13, 7, 5);
insert into mark (id, student_id, subject_id, mark) values (138, 13, 8, 4);
insert into mark (id, student_id, subject_id, mark) values (139, 13, 9, 9);
insert into mark (id, student_id, subject_id, mark) values (140, 14, 0, 3);
insert into mark (id, student_id, subject_id, mark) values (141, 14, 1, 3);
insert into mark (id, student_id, subject_id, mark) values (142, 14, 2, 5);
insert into mark (id, student_id, subject_id, mark) values (143, 14, 3, 7);
insert into mark (id, student_id, subject_id, mark) values (144, 14, 4, 3);
insert into mark (id, student_id, subject_id, mark) values (145, 14, 5, 7);
insert into mark (id, student_id, subject_id, mark) values (146, 14, 6, 9);
insert into mark (id, student_id, subject_id, mark) values (147, 14, 7, 3);
insert into mark (id, student_id, subject_id, mark) values (148, 14, 8, 8);
insert into mark (id, student_id, subject_id, mark) values (149, 14, 9, 7);
